{
    "products": [
         {
     "id": 1,
     "title": "Red Fashion",
     "description":
       "Welcome to Fashion Freak. At, fashion freak, we bring to the industry best fashions in one store. Buy from our w"id"e range of designer T-shirts, shirts, jeans, ...",
     "price": "999",
     "pageName": "Naeim Jafari",
     "imageUrl": "Naeim-Jafari.jpg"
   },
   {
     "id": 2,
     "title": "White T-shirt",
     "description":
       "Welcome to Fashion Freak. At, fashion freak, we bring to the industry best fashions in one store. Buy from our w"id"e range of designer T-shirts, shirts, jeans, ...",
     "price": "369",
     "pageName": "Christian Bold",
     "imageUrl": "Christian-Bolt.jpg"
   },
   {
     "id": 3,
     "title": "Winter Coat",
     "description":
       "Welcome to Fashion Freak. At, fashion freak, we bring to the industry best fashions in one store. Buy from our w"id"e range of designer T-shirts, shirts, jeans, ...",
     "price": "1500",
     "pageName": "Freestocks",
     "imageUrl": "Freestocks.jpg"
   },
   {
     "id": 4,
     "title": "Blue Shirt",
     "description":
       "Welcome to Fashion Freak. At, fashion freak, we bring to the industry best fashions in one store. Buy from our w"id"e range of designer T-shirts, shirts, jeans, ...",
     "price": "999",
     "pageName": "Khosravi",
     "imageUrl": "Khosravi.jpg"
   },
   {
     "id": 5,
     "title": "Dog",
     "description":
       "Welcome to Fashion Freak. At, fashion freak, we bring to the industry best fashions in one store. Buy from our w"id"e range of designer T-shirts, shirts, jeans, ...",
     "price": "1200",
     "pageName": "Dog",
     "imageUrl": "Dog.jpg"
   },
   {
     "id": 6,
     "title": "Hand",
     "description":
       "Welcome to Fashion Freak. At, fashion freak, we bring to the industry best fashions in one store. Buy from our w"id"e range of designer T-shirts, shirts, jeans, ...",
     "price": "499",
     "pageName": "Hand",
     "imageUrl": "Hand.jpg"
   },
   {
     "id": 7,
     "title": "Heart",
     "description":
       "Welcome to Fashion Freak. At, fashion freak, we bring to the industry best fashions in one store. Buy from our w"id"e range of designer T-shirts, shirts, jeans, ...",
     "price": "456",
     "pageName": "Heart",
     "imageUrl": "Heart.jpg"
   },
   {
     "id": 8,
     "title": "Mountain",
     "description":
       "Welcome to Fashion Freak. At, fashion freak, we bring to the industry best fashions in one store. Buy from our w"id"e range of designer T-shirts, shirts, jeans, ...",
     "price": "399",
     "pageName": "Mountain",
     "imageUrl": "Mountain.jpg"
   }
    ]
}